<?xml version="1.0" encoding="UTF-8"?>
<project-private xmlns="http://www.netbeans.org/ns/project-private/1">
    <editor-bookmarks xmlns="http://www.netbeans.org/ns/editor-bookmarks/2" lastBookmarkId="0"/>
    <open-files xmlns="http://www.netbeans.org/ns/projectui-open-files/2">
        <group>
            <file>file:/home/dux/REPO/Human-Computer-Interaction/02%20Midterms/05_Hands-on_Activity_1/EventDriven_Doctor/src/eventdriven_doctor/UI_Output.java</file>
            <file>file:/home/dux/REPO/Human-Computer-Interaction/02%20Midterms/05_Hands-on_Activity_1/EventDriven_Doctor/src/eventdriven_doctor/EventDriven.java</file>
        </group>
    </open-files>
</project-private>
